EID,GPU Duration (”s),Input Vertices Read,Input Primitives,GS Primitives,Rasterizer Invocations,Rasterized Primitives,Samples Passed,VS Invocations,TCS Invocations,TES Invocations,GS Invocations,PS Invocations,CS Invocations,GpuTime (”s),GpuCoreClocks (cycles),AvgGpuCoreFrequencyMHz,VsThreads,HsThreads,DsThreads,GsThreads,PsThreads,CsThreads,GpuBusy (%),EuActive (%),EuStall (%),EuThreadOccupancy (%),Sampler00Busy (%),Sampler00Bottleneck (%),SamplersBusy (%),SamplerBottleneck (%),RasterizedPixels,HiDepthTestFails,EarlyDepthTestFails,SamplesKilledInPs,PixelsFailingPostPsTests,SamplesWritten,SamplesBlended,SamplerTexels,SamplerTexelMisses,SlmBytesRead (bytes),SlmBytesWritten (bytes),ShaderMemoryAccesses,ShaderAtomics,L3ShaderThroughput (bytes),ShaderBarriers,GtiReadThroughput (bytes),GtiWriteThroughput (bytes),VfBottleneck (%),VsBottleneck (%),HsBottleneck (%),DsBottleneck (%),GsBottleneck (%),SoBottleneck (%),ClBottleneck (%),SfBottleneck (%),HiDepthBottleneck (%),BcBottleneck (%),HsStall (%),DsStall (%),SoStall (%),ClStall (%),SfStall (%),NonSamplerShader00AccessStalledOnL3 (%),NonSamplerShader01AccessStalledOnL3 (%),NonSamplerShader02AccessStalledOnL3 (%),NonSamplerShader03AccessStalledOnL3 (%),NonSamplerShader04AccessStalledOnL3 (%),NonSamplerShader05AccessStalledOnL3 (%),PolyDataReady (%),Rasterizer0InputAvailable (%),Rasterizer0OutputReady (%),PixelData00Ready (%),PSOutput00Available (%),PSOutput01Available (%),PSOutput02Available (%),PixelValues00Ready (%),PixelValues01Ready (%),PixelValues02Ready (%),GTRequestQueue00Full (%),GTRequestQueue01Full (%),GTRequestQueue10Full (%),GTRequestQueue11Full (%),L30Bank0InputAvailable (%),L30Bank1InputAvailable (%),L30Bank4InputAvailable (%),L30Bank5InputAvailable (%),L30Bank2InputAvailable (%),L30Bank3InputAvailable (%),L30Bank6InputAvailable (%),L30Bank7InputAvailable (%),L30Bank0OutputReady (%),L30Bank4OutputReady (%),L30Bank1OutputReady (%),L30Bank5OutputReady (%),L30Bank2OutputReady (%),L30Bank6OutputReady (%),L30Bank3OutputReady (%),L30Bank7OutputReady (%),Sampler00InputAvailable (%),Sampler01InputAvailable (%),Sampler02InputAvailable (%),Sampler03InputAvailable (%),Sampler04InputAvailable (%),Sampler05InputAvailable (%),Sampler00OutputReady (%),Sampler01OutputReady (%),Sampler02OutputReady (%),Sampler03OutputReady (%),Sampler04OutputReady (%),Sampler05OutputReady (%),NonPSThread00ReadyForDispatch (%),NonPSThread01ReadyForDispatch (%),NonPSThread02ReadyForDispatch (%),NonPSThread03ReadyForDispatch (%),NonPSThread04ReadyForDispatch (%),NonPSThread05ReadyForDispatch (%),ThreadHeader00ReadyPort0 (%),ThreadHeader00ReadyPort1 (%),ThreadHeader00ReadyPort2 (%),ThreadHeader00ReadyPort3 (%),ThreadHeader01ReadyPort0 (%),ThreadHeader01ReadyPort1 (%),ThreadHeader01ReadyPort2 (%),ThreadHeader01ReadyPort3 (%),ThreadHeader00Ready (%),ThreadHeader01Ready (%),PSThread00ReadyForDispatch (%),PSThread01ReadyForDispatch (%),PSThread02ReadyForDispatch (%),PSThread03ReadyForDispatch (%),PSThread04ReadyForDispatch (%),PSThread05ReadyForDispatch (%),ThreadHeader05Ready (%),ThreadHeader05ReadyPort0 (%),ThreadHeader05ReadyPort1 (%),ThreadHeader05ReadyPort2 (%),ThreadHeader05ReadyPort3 (%),ThreadHeader02Ready (%),ThreadHeader03Ready (%),ThreadHeader04Ready (%),ThreadHeader02ReadyPort0 (%),ThreadHeader02ReadyPort1 (%),ThreadHeader02ReadyPort2 (%),ThreadHeader02ReadyPort3 (%),ThreadHeader03ReadyPort0 (%),ThreadHeader03ReadyPort1 (%),ThreadHeader03ReadyPort2 (%),ThreadHeader03ReadyPort3 (%),ThreadHeader04ReadyPort0 (%),ThreadHeader04ReadyPort1 (%),ThreadHeader04ReadyPort2 (%),ThreadHeader04ReadyPort3 (%),RenderBusy (%),ComputeBusy (%),PoshEngineBusy (%),BlitterBusy (%),VeboxBusy (%),Vdbox0Busy (%),Vdbox1Busy (%),RenderAndComputeBusy (%),AnyEngineBusy (%),VsFpuActive (%),PsFpuActive (%),EuSendActive (%),CsEmActive (%),CsFpuActive (%),CsSendActive (%),VsEmActive (%),PsEmActive (%),PsSendActive (%),HsFpuActive (%),DsFpuActive (%),VsSendActive (%),HsEmActive (%),DsEmActive (%),HsSendActive (%),GsFpuActive (%),GsEmActive (%),GsSendActive (%),FpuActive (%),EmActive (%),EuFpuEmActive (%),EuAvgIpcRate,DsSendActive (%),Counter0,Counter1,Counter2,Counter3,Counter4,Counter5,Counter6,Counter7,Counter8,Counter9
120,181122.28724,0,0,0,0,0,0,0,0,0,0,0,921600,179793.796,107800606,599,0,0,0,0,0,28800,100.00,82.69308,17.03532,99.23383,35.92458,0.00,35.92458,0.00,0,0,0,0,0,0,0,93044200,0,0,0,290805684,0,18611563776,0,1260608128,1052228992,0.00,0.00,0.00,0.00,0.00,0.00,0.00,0.00,1.83036E-06,0.00,1.83036E-06,0.00,0.00,0.00,0.00,1.42569,1.45697,1.47824,1.52201,1.46559,1.50241,1.85385E-06,1.84110E-06,1.84110E-06,1.84110E-06,1.84110E-06,1.84110E-06,1.84110E-06,0.00,0.00,0.00,0.00,0.00,0.00,0.00,12.04569,11.43329,11.7257,11.72052,11.68913,11.69188,11.42826,11.47956,8.57987,8.43507,8.37687,8.4922,8.4905,8.34329,8.57118,8.41499,3.56526,3.60405,3.56338,3.56093,3.5664,3.55255,3.52255,3.52878,3.49194,3.54396,3.52075,3.53526,0.01734,0.01846,0.01635,0.01839,0.01814,0.01814,0.00437,0.00437,0.0043,0.0043,0.00457,0.00457,0.00466,0.00467,0.01734,0.01846,0.00,0.00,0.00,0.00,0.00,0.00,0.01749,0.0043,0.00429,0.00445,0.00445,0.0174,0.0176,0.01685,0.00441,0.00441,0.0043,0.0043,0.00413,0.00413,0.00467,0.00467,0.00426,0.00425,0.00417,0.00417,100.00,0.00,0.00205,0.00,0.00,0.00,0.00,0.00,100.00,0.00,0.00,3.72713,1.1564,80.89355,3.6615,0.00,0.00,0.00,0.00,0.00,0.00,0.00,0.00,0.00,0.00,0.00,0.00,81.0771,1.15901,0.86328,1.01061,0.00,0,107307803,107307803,53653902,35769268,35769267,17884633,71538535,107307803,107307803
130,12415.98928,0,0,0,0,0,0,0,0,0,0,0,230400,12448.80,7464019,599,0,0,0,0,0,14400,100.00,85.01618,14.39158,98.7879,35.86753,0.00001,35.86753,0.00001,0,0,0,0,0,0,0,7511424,0,0,0,15816801,0,1012275264,0,2169344,64064,0.00,0.00,0.00,0.00,0.00,0.00,0.00,0.00,0.00003,0.00,0.00003,0.00,0.00,0.00,0.00,0.24491,0.33902,0.34137,0.33874,0.34677,0.32175,0.00003,0.00003,0.00003,0.00003,0.00003,0.00003,0.00003,0.00,0.00,0.00,0.00,0.00,0.00,0.00,8.63202,7.53632,7.43326,7.48931,7.99032,7.28877,7.21109,7.38668,7.38485,6.51272,6.61498,6.56564,6.96253,6.36826,6.44642,6.51516,4.20101,4.17065,4.13194,4.20066,4.13607,4.1477,4.13265,4.15925,4.14096,4.12456,4.06219,4.13272,0.13095,0.13095,0.12773,0.1288,0.12751,0.12687,0.03236,0.03242,0.03306,0.03311,0.03268,0.03268,0.03279,0.03279,0.13095,0.13095,0.00,0.00,0.00,0.00,0.00,0.00,0.12944,0.03204,0.03198,0.03268,0.03274,0.13038,0.12802,0.125,0.03281,0.03276,0.03243,0.03238,0.03211,0.03211,0.0319,0.0319,0.03125,0.03125,0.03125,0.03125,100.00,0.00,0.00001,0.00,0.00,0.00,0.00,0.00,100.00,0.00,0.00,1.07348,0.88175,84.48504,1.06957,0.00,0.00,0.00,0.00,0.00,0.00,0.00,0.00,0.00,0.00,0.00,0.00,84.73418,0.88435,0.7945,1.00937,0.00,0,7429770,7429770,3714885,2476590,2476590,1238295,4953180,7429770,7429770
64,1988.85412,6,2,0,2,2,5760000,4,0,0,0,1444000,0,1947.452,1167653,599,2,0,0,0,45189,0,100.00,11.75924,85.38617,59.78954,1.28977,0.00,1.28977,0.00,5770400,0,0,0,0,5770400,0,0,0,0,0,1116787,0,71474368,0,5483264,24525312,0.00271,0.00,0.00,0.00,0.00,0.00,0.00,0.00,0.00033,0.00,0.00076,0.00,0.00011,0.00,0.00,5.79895,6.80313,8.02535,2.67276,8.76127,7.81449,0.00058,94.77593,95.22836,98.60087,91.16102,23.83317,80.16315,98.16482,92.67837,97.76626,0.00,0.00,0.00,0.00,15.73438,15.36426,17.32392,14.71481,15.57881,15.4026,16.03088,16.14982,5.70138,5.70225,4.76926,4.76749,3.93234,3.93172,4.86021,4.85675,0.00,0.00,0.00,0.00,0.00,0.00,0.00,0.00,0.00,0.00,0.00,0.00,0.0006,0.00,0.00,0.00,0.00,0.00,2.60335,2.60465,2.65848,2.65898,2.60944,2.61294,2.65359,2.65019,7.1931,7.24443,12.298,11.74326,11.61644,12.17046,12.02771,11.97369,11.28797,3.13119,3.13119,3.12726,3.12809,8.22884,8.09206,10.44283,2.97537,2.97377,3.03857,3.03719,2.97823,2.97709,3.04702,3.05159,2.98806,2.9884,3.0236,3.0236,99.99999,0.00,0.00,0.00,0.00,0.00,0.00,0.00,99.99999,0.00015,11.96601,1.34005,0.00,0.00,0.00,0.00,0.00,1.37,0.00,0.00,0.00009,0.00,0.00,0.00,0.00,0.00,0.00,13.87025,0.00,0.00,1.00,0.00,0,1013549,1013549,506775,337850,337850,168925,675699,1013549,1013549
110,154.89583,3,1,0,1,1,1440000,3,0,0,0,1440000,0,160.42,96181,599,2,0,0,0,22600,0,100.00,18.67196,78.0939,86.96495,96.60536,2.54104,96.60536,2.54104,1440000,0,0,0,0,1440000,0,1440000,361020,0,0,0,0,0,0,3324160,1940032,0.03415,0.00,0.00,0.00,0.00,0.00,0.00,0.00,0.00,0.00,0.00629,0.00,0.0009,0.00,0.00,0.00,0.00,0.00,0.00,0.00,0.00,0.00427,83.57833,84.16776,95.172,61.04026,60.86374,60.87186,63.22042,63.22042,62.96883,0.00,0.00,0.00,0.00,11.23777,11.68146,11.49188,10.44923,8.77287,9.2157,10.15841,9.05206,4.93747,4.9357,5.93378,5.93139,3.9763,3.98448,4.73264,4.71578,41.89807,41.99759,41.25604,41.78358,41.45596,41.73602,42.67515,42.01496,42.26698,42.51011,42.30256,42.50418,0.00612,0.00,0.00,0.00,0.00,0.00,24.77045,24.75923,24.9949,24.99796,24.41134,24.42563,25.33973,25.33973,65.99673,65.65803,92.01121,90.90833,88.91428,92.0249,90.5744,90.14568,67.22004,25.64335,25.6581,25.72551,25.71076,65.44711,65.08569,65.66882,24.26427,24.26427,25.09238,25.10655,24.58012,24.5943,24.77652,24.77652,24.17113,24.19745,25.19766,25.17134,100.00,0.00,0.00,0.00,0.00,0.00,0.00,0.00,100.00,0.00061,8.86934,11.82062,0.00,0.00,0.00,0.00,0.00,11.39587,0.00,0.00,0.00057,0.00,0.00,0.00,0.00,0.00,0.00,9.51871,0.00,0.00,1.00,0.00,0,109017,109017,54508,36339,36339,18170,72678,109017,109017
96,62.50,534,178,0,178,178,72470,356,0,0,0,76916,0,58.292,34927,599,24,0,0,0,2446,0,100.00,25.63484,57.00646,62.3827,72.98651,2.49377,72.98651,2.49377,76916,0,0,0,0,74428,74276,76916,56364,0,0,46,0,2944,0,1226624,384,0.20883,1.77933,0.00,0.00,0.00,0.00,0.00,0.7638,0.00572,0.00,0.53208,0.00,0.03433,0.7924,0.75807,0.00,0.00,0.00,0.00,0.00,0.00,2.01159,2.09761,2.05514,78.44647,53.3573,53.50167,53.7621,17.64706,17.30737,17.81408,0.00,0.00,0.00,0.00,22.7776,21.17494,21.99318,23.83182,23.53916,30.31285,28.72128,27.08225,3.6696,3.74269,3.54531,3.55562,2.60077,2.64011,3.2169,3.22264,18.67703,21.27988,26.47975,24.63097,21.84761,20.44429,8.48488,8.6152,8.3314,8.14896,8.38353,8.49067,0.06697,0.06697,0.06697,0.07535,0.0586,0.05023,7.21083,7.15502,7.14385,6.94851,6.82852,6.98758,7.55686,7.2778,19.60374,18.59634,39.68776,41.77778,21.05766,39.44304,20.7398,46.63291,19.3052,7.03797,6.88045,7.17862,7.29677,18.4046,20.78966,20.36089,7.28323,7.43211,6.86339,7.04502,7.48869,7.73583,7.24452,7.39042,7.25345,7.33087,7.50953,7.54526,100.00,0.00,8.08563,0.00,0.00,0.00,0.00,0.00,100.00,0.0506,22.98125,1.67781,0.00,0.00,0.00,0.00,0.16792,1.00793,0.00,0.00,0.04184,0.00,0.00,0.00,0.00,0.00,0.00,24.79096,0.29198,0.24212,1.00975,0.00,0,38832,38832,19416,12944,12944,6472,25888,38832,38832
35,15.57292,0,0,0,0,0,0,0,0,0,0,0,0,13.832,8307,600,0,0,0,0,126,0,100.00,1.13534,40.41597,7.01302,44.60094,0.00,44.60094,0.00,3916,0,0,0,0,7832,0,3916,3916,0,0,0,0,0,0,37120,448,0.50316,0.00,0.00,0.00,0.00,0.00,0.00,0.00,0.01071,0.00,0.05353,0.00,0.00,0.00,0.00,0.00,0.00,0.00,0.00,0.00,0.00,0.07182,1.58243,1.5579,42.00196,8.29244,7.9735,7.8999,16.48675,15.84887,15.70167,0.00,0.00,0.00,0.00,0.39866,0.38953,0.46257,0.43214,0.37569,0.45816,0.48259,0.35431,0.40279,0.43913,0.39653,0.42704,0.37615,0.49428,0.46666,0.36227,1.05945,1.05945,1.0359,1.00059,1.0359,1.0359,2.05756,2.05756,1.95958,1.99633,1.95958,1.95958,0.00,0.00,0.00,0.00,0.00,0.00,0.88059,0.88059,1.05671,0.88059,0.88059,0.88059,1.05671,0.88059,2.40695,2.46566,2.48937,2.55009,2.38008,2.42866,2.3558,2.36794,2.36794,0.85003,0.91075,1.0929,0.85003,0.99229,1.02314,1.00771,0.3599,0.3856,0.46272,0.3599,0.3856,0.3856,0.3599,0.46272,0.3599,0.3856,0.46272,0.3599,100.00,0.00,0.00,0.00,0.00,0.00,0.00,0.00,100.00,0.00025,0.68559,0.44219,0.00,0.00025,0.00,0.00,0.00,0.42397,0.00035,0.00023,0.00,0.00,0.00,0.00,0.00,0.00,0.00,0.69079,0.00,0.00,1.00,0.00,0,8074,8074,4037,2691,2691,1346,5382,8074,8074
15,12.50,0,0,0,0,0,0,0,0,0,0,0,0,17.16,10297,600,0,0,0,0,1,0,100.00,0.00567,1.00474,0.00347,27.2895,0.00,27.2895,0.00,8,0,0,0,0,12,0,8,4,0,0,0,0,0,0,8704,448,0.2071,0.00,0.00,0.00,0.00,0.00,0.00,0.00,0.0109,0.00,0.0545,0.00,0.00545,0.00,0.00,0.00,0.00,0.00,0.00,0.00,0.00,0.06582,0.07083,0.05902,0.05902,0.08263,0.03541,0.03541,0.07083,0.00,0.00,0.00,0.00,0.00,0.00,0.02316,0.02316,0.00,0.00,0.01027,0.03767,0.03082,0.00,0.01994,0.01662,0.03006,0.00668,0.01749,0.03847,0.04231,0.00651,0.02296,0.00,0.00,0.00,0.00,0.00,0.02615,0.00,0.00,0.00,0.00,0.00,0.00,0.00,0.00,0.00,0.00,0.00,0.00,0.00,0.10567,0.00,0.00,0.00,0.00,0.00,0.10567,0.00,0.10983,0.00,0.00,0.00,0.00,0.00,0.00,0.00,0.00,0.00,0.00,0.00,0.00,0.00,0.00,0.00,0.00,0.00,0.00,0.00,0.00,0.00,0.00,0.00,0.00,0.00,100.00,0.00,5.54403,0.00,0.00,0.00,0.00,0.00,100.00,0.00,0.00303,0.00353,0.00,0.00,0.00,0.00,0.00,0.00372,0.00,0.00026,0.00,0.00,0.00,0.00,0.00,0.00,0.00,0.00387,0.00,0.00,1.00,0.00,0,7613,7613,3807,2538,2538,1269,5075,7613,7613
21,8.95833,0,0,0,0,0,0,0,0,0,0,0,0,7.072,4250,600,0,0,0,0,11,0,100.00,0.19412,6.39167,0.15182,25.97647,0.00,25.97647,0.00,272,0,0,0,0,544,0,272,272,0,0,0,0,0,0,5952,448,0.69513,0.00,0.00,0.00,0.00,0.00,0.00,0.00,0.04965,0.00,0.14896,0.00,0.00,0.00,0.00,0.00,0.00,0.00,0.00,0.00,0.00,0.09683,0.31996,0.29535,0.29535,1.25523,1.05833,1.25523,2.36279,1.96899,2.36279,0.00,0.00,0.00,0.00,0.04297,0.07366,0.27621,0.07979,0.04886,0.27486,0.26264,0.05497,0.04721,0.27738,0.07878,0.0844,0.04608,0.18433,0.25988,0.06353,0.23256,0.23256,0.18605,0.18605,0.18605,0.18605,0.28031,0.28031,0.28031,0.18687,0.28031,0.28031,0.00,0.00,0.00,0.00,0.00,0.00,0.23987,0.00,0.3598,0.00,0.23987,0.00,0.00,0.3598,0.3598,0.3598,0.3647,0.3647,0.3647,0.3647,0.3647,0.3647,0.3647,0.24313,0.00,0.3647,0.00,0.36603,0.36603,0.36603,0.24402,0.00,0.36603,0.00,0.00,0.00,0.00,0.36603,0.24402,0.00,0.36603,0.00,100.00,0.00,0.00,0.00,0.00,0.00,0.00,0.00,100.00,0.00,0.11793,0.07795,0.00,0.00,0.00,0.00,0.00,0.0771,0.00,0.00,0.00,0.00,0.00,0.00,0.00,0.00,0.00,0.12096,0.00,0.00,1.00,0.00,0,4087,4087,2044,1362,1362,681,2724,4087,4087
17,8.90625,0,0,0,0,0,0,0,0,0,0,0,0,6.812,4087,599,0,0,0,0,1,0,100.00,0.01835,0.62291,0.01107,0.00,0.00,0.00,0.00,16,0,0,0,0,32,0,16,16,0,0,0,0,0,0,3968,448,0.66508,0.00,0.00,0.00,0.00,0.00,0.00,0.00,0.04751,0.00,0.14252,0.00,0.00,0.00,0.00,0.00,0.00,0.00,0.00,0.00,0.00,0.0986,0.11256,0.09005,0.09005,0.24764,0.06754,0.06754,0.3602,0.00,0.00,0.00,0.00,0.00,0.00,0.00611,0.01833,0.05499,0.00611,0.00,0.04379,0.03981,0.01592,0.01706,0.0455,0.0309,0.01854,0.01264,0.07582,0.07781,0.03591,0.00,0.09346,0.00,0.00,0.00,0.00,0.00,0.02643,0.00,0.00,0.00,0.00,0.00,0.00,0.00,0.00,0.00,0.00,0.00,0.00,0.00,0.00,0.00,0.00,0.2373,0.00,0.00,0.2373,0.00,0.24988,0.00,0.00,0.00,0.00,0.00,0.00,0.00,0.00,0.00,0.00,0.00,0.00,0.00,0.00,0.00,0.00,0.00,0.00,0.00,0.00,0.00,0.00,0.00,0.00,100.00,0.00,0.00,0.00,0.00,0.00,0.00,0.00,100.00,0.00,0.01038,0.00692,0.00,0.00,0.00,0.00,0.00,0.00701,0.00049,0.00,0.00,0.00,0.00,0.00,0.00,0.00,0.00,0.01131,0.00,0.00,1.00,0.00,0,4080,4080,2040,1360,1360,680,2720,4080,4080
37,8.125,0,0,0,0,0,0,0,0,0,0,0,0,6.344,3804,599,0,0,0,0,18,0,100.00,0.35489,10.91724,3.25347,27.8654,0.00,27.8654,0.00,536,0,0,0,0,1068,0,536,532,0,0,0,0,0,0,4928,448,1.07701,0.00,0.00,0.00,0.00,0.00,0.00,0.00,0.05385,0.00,0.16155,0.00,0.00,0.00,0.00,0.00,0.00,0.00,0.00,0.00,0.00,0.10672,0.56695,0.53996,0.53996,1.37689,1.32289,1.16091,2.59179,2.4568,2.15983,0.00,0.00,0.00,0.00,0.29232,0.33883,0.31889,0.26575,0.42223,0.24516,0.2043,0.31327,0.07726,0.08584,0.35647,0.28249,0.44077,0.22039,0.25306,0.29968,0.41483,0.41483,0.41483,0.36298,0.36298,0.36298,0.65502,0.65502,0.60044,0.60044,0.49127,0.49127,0.00,0.00,0.00,0.00,0.00,0.00,0.00,0.41277,0.41277,0.41277,0.00,0.41277,0.41277,0.41277,0.85305,0.85305,0.84423,0.84423,0.84423,0.78976,0.70806,0.70806,0.70806,0.00,0.4085,0.27233,0.4085,0.20726,0.19389,0.17383,0.00,0.10029,0.10029,0.10029,0.00,0.10029,0.10029,0.08692,0.00,0.10029,0.06686,0.10029,100.00,0.00,0.00,0.00,0.00,0.00,0.00,0.00,100.00,0.00,0.21479,0.13668,0.00,0.00,0.00,0.00,0.00,0.13352,0.00,0.00,0.00,0.00,0.00,0.00,0.00,0.00,0.00,0.22112,0.00,0.00,1.00,0.00,0,3670,3670,1835,1224,1223,612,2446,3670,3670
23,7.86458,0,0,0,0,0,0,0,0,0,0,0,0,6.344,3797,598,0,0,0,0,1,0,100.00,0.01975,0.50369,0.00815,0.00,0.00,0.00,0.00,12,0,0,0,0,20,0,12,8,0,0,0,0,0,0,2752,448,0.73704,0.00,0.00,0.00,0.00,0.00,0.00,0.00,0.05265,0.00,0.15794,0.00,0.00,0.00,0.00,0.00,0.00,0.00,0.00,0.00,0.00,0.10477,0.12687,0.1015,0.1015,0.22837,0.07612,0.07612,0.25374,0.00,0.00,0.00,0.00,0.00,0.00,0.09189,0.0722,0.05251,0.05251,0.00653,0.00,0.04572,0.02612,0.02809,0.01755,0.08483,0.06526,0.01997,0.0599,0.0128,0.0384,0.00,0.07639,0.00,0.00,0.00,0.00,0.00,0.01372,0.00,0.00,0.00,0.00,0.00,0.00,0.00,0.00,0.00,0.00,0.00,0.00,0.00,0.00,0.00,0.00,0.25967,0.00,0.00,0.25967,0.00,0.24319,0.00,0.00,0.00,0.00,0.00,0.00,0.00,0.00,0.00,0.00,0.00,0.00,0.00,0.00,0.00,0.00,0.00,0.00,0.00,0.00,0.00,0.00,0.00,0.00,100.00,0.00,0.00,0.00,0.00,0.00,0.00,0.00,100.00,0.00,0.01155,0.00735,0.00,0.00,0.00,0.00,0.00,0.00753,0.00,0.00,0.00,0.00,0.00,0.00,0.00,0.00,0.00,0.01207,0.00,0.00,1.00,0.00,0,3842,3842,1921,1280,1281,641,2561,3842,3842
19,7.76042,0,0,0,0,0,0,0,0,0,0,0,0,6.448,3864,599,0,0,0,0,1,0,100.00,0.01941,0.52838,0.00801,22.23085,0.00,22.23085,0.00,16,0,0,0,0,32,0,16,16,0,0,0,0,0,0,2880,448,0.73529,0.00,0.00,0.00,0.00,0.00,0.00,0.00,0.05252,0.00,0.15756,0.00,0.00,0.00,0.00,0.00,0.00,0.00,0.00,0.00,0.00,0.09664,0.12054,0.09643,0.09643,0.26519,0.07232,0.07232,0.38573,0.00,0.00,0.00,0.00,0.00,0.00,0.01297,0.05838,0.00,0.01946,0.00,0.00,0.01303,0.03258,0.02612,0.01306,0.07241,0.03291,0.01319,0.02637,0.01295,0.04531,0.09662,0.00,0.00,0.00,0.00,0.00,0.10086,0.00,0.00,0.00,0.00,0.00,0.00,0.00,0.00,0.00,0.00,0.00,0.00,0.00,0.00,0.26212,0.00,0.00,0.00,0.00,0.26212,0.00,0.26441,0.00,0.00,0.00,0.00,0.00,0.00,0.00,0.00,0.00,0.00,0.00,0.00,0.00,0.00,0.00,0.00,0.00,0.00,0.00,0.00,0.00,0.00,0.00,0.00,0.00,100.00,0.00,0.00,0.00,0.00,0.00,0.00,0.00,100.00,0.00,0.01189,0.00756,0.00,0.00,0.00,0.00,0.00,0.00733,0.00,0.00,0.00,0.00,0.00,0.00,0.00,0.00,0.00,0.01207,0.00,0.00,1.00,0.00,0,3834,3834,1917,1278,1278,639,2556,3834,3834
29,7.76042,0,0,0,0,0,0,0,0,0,0,0,0,6.188,3687,595,0,0,0,0,6,0,100.00,0.12205,3.60049,0.63996,25.63059,0.00,25.63059,0.00,192,0,0,0,0,384,0,192,192,0,0,0,0,0,0,4224,448,1.05152,0.00,0.00,0.00,0.00,0.00,0.00,0.00,0.05258,0.00,0.15773,0.00,0.00,0.00,0.00,0.00,0.00,0.00,0.00,0.00,0.00,0.10935,0.27405,0.24664,0.24664,0.95917,0.95917,0.95917,1.75391,1.75391,1.75391,0.00,0.00,0.00,0.00,0.00,0.00,0.00,0.29212,0.00654,0.11777,0.08506,0.05889,0.01371,0.01371,0.0137,0.30822,0.02081,0.09711,0.13032,0.07545,0.20931,0.20931,0.20931,0.20931,0.20931,0.20931,0.22045,0.22045,0.22045,0.22045,0.22045,0.22045,0.00,0.00,0.00,0.00,0.00,0.00,0.00,0.00,0.40917,0.00,0.00,0.00,0.40917,0.00,0.40917,0.40917,0.41701,0.41701,0.41701,0.41701,0.41701,0.41701,0.41701,0.00,0.00,0.00,0.41701,0.41345,0.41345,0.41345,0.00,0.00,0.00,0.41345,0.00,0.00,0.41345,0.00,0.00,0.00,0.00,0.41345,100.00,0.00,0.00,0.00,0.00,0.00,0.00,0.00,100.00,0.00,0.07469,0.04753,0.00,0.00,0.00,0.00,0.00,0.04723,0.00,0.00,0.00,0.00,0.00,0.00,0.00,0.00,0.00,0.07524,0.00,0.00,1.00,0.00,0,3683,3683,1842,1228,1227,613,2455,3683,3683
25,7.70833,0,0,0,0,0,0,0,0,0,0,0,0,6.396,3810,595,0,0,0,0,1,0,100.00,0.01969,0.50908,0.00812,21.25984,0.00,21.25984,0.00,16,0,0,0,0,32,0,16,16,0,0,0,0,0,0,2880,448,0.70779,0.00,0.00,0.00,0.00,0.00,0.00,0.00,0.05056,0.00,0.15167,0.00,0.00,0.00,0.00,0.00,0.00,0.00,0.00,0.00,0.00,0.10893,0.12494,0.09995,0.09995,0.27486,0.07496,0.07496,0.3998,0.00,0.00,0.00,0.00,0.00,0.00,0.00,0.00,0.00,0.05853,0.03218,0.02574,0.00644,0.01287,0.01207,0.01207,0.0131,0.07203,0.04608,0.01975,0.03878,0.02585,0.10275,0.00,0.00,0.00,0.00,0.00,0.01441,0.00,0.00,0.00,0.00,0.00,0.00,0.00,0.00,0.00,0.00,0.00,0.00,0.00,0.00,0.25934,0.00,0.00,0.00,0.00,0.25934,0.00,0.25471,0.00,0.00,0.00,0.00,0.00,0.00,0.00,0.00,0.00,0.00,0.00,0.00,0.00,0.00,0.00,0.00,0.00,0.00,0.00,0.00,0.00,0.00,0.00,0.00,0.00,100.00,0.00,0.00,0.00,0.00,0.00,0.00,0.00,100.00,0.00,0.00328,0.00209,0.00,0.00,0.00,0.00,0.00,0.00754,0.00,0.00,0.00,0.00,0.00,0.00,0.00,0.00,0.00,0.0115,0.00,0.00,1.00,0.00,0,3880,3880,1940,1294,1293,647,2586,3880,3880
27,7.50,0,0,0,0,0,0,0,0,0,0,0,0,6.344,3809,600,0,0,0,0,1,0,100.00,0.01531,0.63063,0.00813,0.00,0.00,0.00,0.00,8,0,0,0,0,12,0,8,4,0,0,0,0,0,0,2816,448,1.12771,0.00,0.00,0.00,0.00,0.00,0.00,0.00,0.05639,0.00,0.16916,0.00,0.00,0.00,0.00,0.00,0.00,0.00,0.00,0.00,0.00,0.11287,0.141,0.1128,0.1128,0.141,0.0846,0.0846,0.0846,0.00,0.00,0.00,0.00,0.00,0.00,0.04141,0.02071,0.00,0.00,0.02107,0.0562,0.02107,0.00,0.0575,0.01438,0.01357,0.00543,0.03585,0.03585,0.06381,0.01276,0.00,0.05469,0.00,0.00,0.00,0.00,0.00,0.00,0.00,0.00,0.00,0.00,0.00,0.00,0.00,0.00,0.00,0.00,0.00,0.00,0.00,0.00,0.00,0.00,0.00,0.20566,0.00,0.20566,0.00,0.22618,0.00,0.00,0.00,0.00,0.00,0.00,0.00,0.00,0.00,0.00,0.00,0.00,0.00,0.00,0.00,0.00,0.00,0.00,0.00,0.00,0.00,0.00,0.00,0.00,100.00,0.00,0.00,0.00,0.00,0.00,0.00,0.00,100.00,0.00,0.008,0.008,0.00,0.00,0.00,0.00,0.00,0.00217,0.00,0.00,0.00,0.00,0.00,0.00,0.00,0.00,0.00,0.00827,0.00,0.00,1.00,0.00,0,3514,3514,1757,1171,1172,586,2343,3514,3514
39,7.44792,0,0,0,0,0,0,0,0,0,0,0,0,9.256,5546,599,0,0,0,0,1,0,100.00,0.01052,1.16751,0.00558,53.49802,0.00,53.49802,0.00,8,0,0,0,0,12,0,8,4,0,0,0,0,0,0,2432,448,1.14416,0.00,0.00,0.00,0.00,0.00,0.00,0.00,0.05721,0.00,0.17162,0.00,0.00,0.00,0.00,0.00,0.00,0.00,0.00,0.00,0.00,0.08219,0.03444,0.02755,0.02755,0.04822,0.02067,0.02067,0.04133,0.00,0.00,0.00,0.00,0.00,0.00,0.0218,0.00,0.01453,0.04359,0.06556,0.05828,0.06556,0.10927,0.03746,0.02997,0.01438,0.05752,0.08522,0.08522,0.0636,0.10811,0.05772,0.00,0.00,0.00,0.00,0.00,0.05931,0.00,0.00,0.00,0.00,0.00,0.00,0.00,0.00,0.00,0.00,0.00,0.00,0.00,0.00,0.23283,0.00,0.00,0.00,0.00,0.23283,0.00,0.23543,0.00,0.00,0.00,0.00,0.00,0.00,0.00,0.00,0.00,0.00,0.00,0.00,0.00,0.00,0.00,0.00,0.00,0.00,0.00,0.00,0.00,0.00,0.00,0.00,0.00,100.00,0.00,0.00,0.00,0.00,0.00,0.00,0.00,100.00,0.00,0.00835,0.00835,0.00,0.00,0.00,0.00,0.00,0.00844,0.00,0.00,0.00,0.00,0.00,0.00,0.00,0.00,0.00,0.00865,0.00,0.00,1.00,0.00,0,3403,3403,1701,1134,1135,568,2269,3403,3403
43,7.44792,0,0,0,0,0,0,0,0,0,0,0,0,7.696,4601,597,0,0,0,0,1,0,100.00,0.01268,0.50125,0.00673,20.99544,0.00,20.99544,0.00,8,0,0,0,0,12,0,8,4,0,0,0,0,0,0,2688,448,0.19466,0.00,0.00,0.00,0.00,0.00,0.00,0.00,0.0139,0.00,0.04171,0.00,0.00,0.00,0.00,0.00,0.00,0.00,0.00,0.00,0.00,0.03048,0.129,0.1032,0.1032,0.1806,0.0774,0.0774,0.1548,0.00,0.00,0.00,0.00,0.00,0.00,0.01895,0.00,0.03791,0.00,0.03724,0.00621,0.00,0.01862,0.03112,0.04979,0.01225,0.01225,0.05192,0.01298,0.01943,0.03238,0.05021,0.00,0.00,0.00,0.00,0.00,0.05152,0.00,0.00,0.00,0.00,0.00,0.00,0.00,0.00,0.00,0.00,0.00,0.00,0.00,0.20238,0.00,0.00,0.00,0.00,0.00,0.20238,0.00,0.19603,0.00,0.00,0.00,0.00,0.00,0.00,0.00,0.00,0.00,0.00,0.00,0.00,0.00,0.00,0.00,0.00,0.00,0.00,0.00,0.00,0.00,0.00,0.00,0.00,0.00,100.00,0.00,0.00,0.00,0.00,0.00,0.00,0.00,100.00,0.00,0.00732,0.00732,0.00,0.00,0.00,0.00,0.00,0.00741,0.00,0.00,0.00,0.00,0.00,0.00,0.00,0.00,0.00,0.00756,0.00,0.00,1.00,0.00,0,4011,4011,2005,1337,1337,668,2675,4011,4011
31,7.39583,0,0,0,0,0,0,0,0,0,0,0,0,5.72,3426,598,0,0,0,0,1,0,100.00,0.02189,0.58438,0.61643,24.25569,0.00,24.25569,0.00,12,0,0,0,0,24,0,12,12,0,0,0,0,0,0,2560,448,1.10041,0.00,0.00,0.00,0.00,0.00,0.00,0.00,0.05502,0.00,0.16506,0.00,0.00,0.00,0.00,0.00,0.00,0.00,0.00,0.00,0.00,0.03206,0.13759,0.11007,0.11007,0.24766,0.08255,0.08255,0.33021,0.00,0.00,0.00,0.00,0.00,0.00,0.07228,0.05059,0.05059,0.05782,0.00,0.03736,0.01401,0.00,0.08143,0.06107,0.06637,0.07375,0.00389,0.00972,0.07308,0.01462,0.08208,0.00,0.00,0.00,0.00,0.00,0.08808,0.00,0.00,0.00,0.00,0.00,0.00,0.00,0.00,0.00,0.00,0.00,0.00,0.00,0.00,0.2748,0.00,0.00,0.00,0.00,0.2748,0.00,0.29542,0.00,0.00,0.00,0.00,0.00,0.00,0.00,0.00,0.00,0.00,0.00,0.00,0.00,0.00,0.00,0.00,0.00,0.00,0.00,0.00,0.00,0.00,0.00,0.00,0.00,100.00,0.00,0.00,0.00,0.00,0.00,0.00,0.00,100.00,0.00,0.01312,0.00835,0.00,0.00,0.00,0.00,0.00,0.00811,0.00,0.00,0.00,0.00,0.00,0.00,0.00,0.00,0.00,0.0136,0.00,0.00,1.00,0.00,0,3451,3451,1726,1150,1151,575,2301,3451,3451
33,7.23958,0,0,0,0,0,0,0,0,0,0,0,0,6.448,3855,597,0,0,0,0,1,0,100.00,0.01946,0.53394,0.00803,0.00,0.00,0.00,0.00,12,0,0,0,0,24,0,12,12,0,0,0,0,0,0,2880,448,0.73918,0.00,0.00,0.00,0.00,0.00,0.00,0.00,0.0528,0.00,0.15839,0.00,0.00,0.00,0.00,0.00,0.00,0.00,0.00,0.00,0.00,0.03147,0.13058,0.10447,0.10447,0.23505,0.07835,0.07835,0.3134,0.00,0.00,0.00,0.00,0.00,0.00,0.05029,0.00,0.00,0.00,0.00,0.00663,0.07953,0.00,0.06717,0.01343,0.01328,0.01328,0.01365,0.09558,0.01954,0.01303,0.00,0.07746,0.00,0.00,0.00,0.00,0.00,0.07981,0.00,0.00,0.00,0.00,0.00,0.00,0.00,0.00,0.00,0.00,0.00,0.00,0.00,0.00,0.00,0.00,0.00,0.07767,0.00,0.07767,0.00,0.26483,0.00,0.00,0.00,0.00,0.00,0.00,0.00,0.00,0.00,0.00,0.00,0.00,0.00,0.00,0.00,0.00,0.00,0.00,0.00,0.00,0.00,0.00,0.00,0.00,100.00,0.00,0.00,0.00,0.00,0.00,0.00,0.00,100.00,0.00,0.00195,0.00124,0.00,0.00,0.00,0.00,0.00,0.0076,0.00,0.00,0.00,0.00,0.00,0.00,0.00,0.00,0.00,0.01255,0.00,0.00,1.00,0.00,0,3786,3786,1893,1262,1262,631,2524,3786,3786
45,7.13542,0,0,0,0,0,0,0,0,0,0,0,0,6.292,3755,596,0,0,0,0,1,0,100.00,0.01553,0.50599,0.00824,0.00,0.00,0.00,0.00,8,0,0,0,0,12,0,8,4,0,0,0,0,0,0,2752,448,0.74607,0.00,0.00,0.00,0.00,0.00,0.00,0.00,0.05329,0.00,0.15987,0.00,0.00,0.00,0.00,0.00,0.00,0.00,0.00,0.00,0.00,0.10526,0.13319,0.10655,0.10655,0.18647,0.07991,0.07991,0.15983,0.00,0.00,0.00,0.00,0.00,0.00,0.00,0.05849,0.00,0.00,0.00621,0.00207,0.00621,0.00621,0.0032,0.0032,0.07227,0.01314,0.03486,0.03486,0.01213,0.02022,0.00,0.00872,0.00,0.00,0.00,0.00,0.00,0.05335,0.00,0.00,0.00,0.00,0.00,0.00,0.00,0.00,0.00,0.00,0.00,0.00,0.00,0.00,0.00,0.00,0.1252,0.00,0.00,0.1252,0.00,0.2079,0.00,0.00,0.00,0.00,0.00,0.00,0.00,0.00,0.00,0.00,0.00,0.00,0.00,0.00,0.00,0.00,0.00,0.00,0.00,0.00,0.00,0.00,0.00,0.00,100.00,0.00,0.00,0.00,0.00,0.00,0.00,0.00,100.00,0.00,0.00743,0.00743,0.00,0.00,0.00,0.00,0.00,0.00766,0.00,0.00,0.00,0.00,0.00,0.00,0.00,0.00,0.00,0.00787,0.00,0.00,1.00,0.00,0,3899,3899,1949,1300,1300,650,2600,3899,3899
41,7.08333,0,0,0,0,0,0,0,0,0,0,0,0,21.84,13114,600,0,0,0,0,1,0,100.00,0.00445,1.69205,0.00236,0.00,0.00,0.00,0.00,8,0,0,0,0,12,0,8,4,0,0,0,0,0,0,6912,448,1.07325,0.00,0.00,0.00,0.00,0.00,0.00,0.00,0.05366,0.00,0.16099,0.00,0.00,0.00,0.00,0.00,0.00,0.00,0.00,0.00,0.00,0.11264,0.14401,0.11521,0.11521,0.20161,0.08641,0.08641,0.17281,0.00,0.00,0.00,0.00,0.00,0.00,0.00,0.00,0.02169,0.02169,0.06033,0.03017,0.00,0.00754,0.01494,0.03736,0.0143,0.03574,0.07673,0.01535,0.03954,0.01977,0.00,0.05295,0.00,0.00,0.00,0.00,0.00,0.06051,0.00,0.00,0.00,0.00,0.00,0.00,0.00,0.00,0.00,0.00,0.00,0.00,0.00,0.00,0.00,0.00,0.00,0.06048,0.00,0.06048,0.00,0.23371,0.00,0.00,0.00,0.00,0.00,0.00,0.00,0.00,0.00,0.00,0.00,0.00,0.00,0.00,0.00,0.00,0.00,0.00,0.00,0.00,0.00,0.00,0.00,0.00,100.00,0.00,0.00,0.00,0.00,0.00,0.00,0.00,100.00,0.00,0.00815,0.00815,0.00,0.00,0.00,0.00,0.00,0.00809,0.00,0.00,0.00,0.00,0.00,0.00,0.00,0.00,0.00,0.0049,0.00,0.00,1.00,0.00,0,3427,3427,1713,1142,1142,571,2285,3427,3427
